Nom	stock
Bookmarks	18
Livre Cadeaux	40
وقائع الجمعة الاخيرة	10
هاري بوتر وحجرة الأسرار	10
نظرية الفستق	1
نساء على أجنحة الحلم	1
ملائك نصيبين	2
مزرعة الحيوان	14
محاط بالحمقى	7
مائة من عظماء أمة الإسلام غيرو مجرى التاريخ	2
لماذا يسيئ أبناؤنا التصرف ؟	4
لكنود	99
لانها كيارا	2
كيف تربي طفلك القوي 	9
كلنا مرضى نفسيين	9
كفاحي	6
قوة عقلك الباطن	12
قوانين التحرر من الصراع النفسي	9
فهم الأمراض النفسية منطقيًا	9
فن اللامبالاة	2
فن الحرب	2
فكر وازدد ثراء	10
فارس الاندلس	9
فاتتني صلاة	2
علمتني اية	3
عشيرة برهوت	7
عالم صوفي	0
طغوت	3
شمس منتصف الليل	0
سيكولوجية الجماهير	0
سر الخادمة	4
ستوكهولم	1
زوجة رجل آخر وزوج تحت السرير	5
رسائل من النبي	3
رسائل من القرآن	18
ربيع قرطبة	1
دقات الشامو	3
حوار مع صديقي الملحد	4
حلم العم 	1
حقل التفاح	2
جومانا	1
جمرة	1
جريمة في رأس السيد هود	10
بيت الجمال	1
اول مرة اتدبر القران	15
الوحش الذي يسكنك يمكن أن يكون لطيفا	3
الهلكوت	7
الهشاشة النفسية	0
المقامر	5
المزدوج	1
الليالي البيضاء 	12
الفارق الذي تصنعه الأم	5
الغريب	3
العرش الاسود	3
العادات السبع للناس الأكثر فعالية	0
العادات الذرية	8
العائد	1
الشيطان يحكي	0
السماح بالرحيل	16
السجيل	14
الخيميائي	1
الخبز الحافي	1
الخادمة	2
الجساسة	7
الجزار	3
البارون	7
الأمير	8
الأب الغني و الاب الفقير	2
اكتب حتى لا ياكلني الشيطان	7
اكتب حتى لا اصاب بالجنون	9
افول الغرب	2
اعرف وجهك الاخر	1
أين المفر	2
أفضل نسخة منك	0
أغنى رجل في بابل	9
أسرار عقل المليونير	10
أسرار سورة البقرة	1
أماريتا “ أرض زيكولا 2”	1
أرض زيكولا 1	4
وادي الذئاب المنسية“  أرض زيكولا 2”	5
أرض السافلين	1
أخطاء التربية	9
أحببت وغدا	0
le dernier jour d'un condamné	1
la boite a merveilles	1
l'étranger	4
The housemaid's secret	2
The Housemaid	2
RESISTANCE, REBELLION, AND DEATH	3
L’intelligence émotionnelle 1&2	11
Les pauvres gens	3
Le joueur	3
Le Double	3
Compound Effect	1
Antigone	1
Albert camus the rebel 	4
1984	16
1&2 الشياطين	1
1&2 الجريمة والعقاب	18
1&2 الأبله	1
1 & 2 & 3 خوف	5
005	14
$100M Offers	1
$100M Money models	2
$100M Leads	2
 ‫عقدك النفسية سجنك الأبدي	13
 هاري بوتر وحجر الفيلسوف	10
 أبابيل 	11
Zero To One	2
Think Grow Rich	2
The Psychologie of money	0
The Housemaid is watching	2
The Darkest	1
The 48 Laws of Power	1
Surrounded by vampires	2
IT STARTS WITH US	4
Fearful	4
Ego is the Enemy	1
